# GENESIS FINANCIAL
# MOCK DATA
# MYSQL
# SOFE 3700U GROUP 12

USE genesis_financial;

INSERT INTO address (Id, Street, City, Province, Country, PostalCode)
VALUES (1, '0332 Mcbride Trail', 'Toronto', 'ON', 'Canada', 'M7A'),
    (2, '32263 Hoard Trail', 'Oshawa', 'ON', 'Canada', 'L1K'),
    (3, '173 Summit Way', 'Peterborough', 'ON', 'Canada', 'K9H'),
    (4, '1633 Novick Hill	', 'North York', 'ON', 'Canada', 'M3H'),
    (5, '193 Valley Edge Parkway', 'Brampton', 'ON', 'Canada', 'L7A'),
    (6, '82 Meadow Valley Road', 'Mississauga', 'ON', 'Canada', 'L5W'),
    (11, '5169 Holy Cross Place', 'Marathon', 'ON', 'Canada', 'P6A'),
    (12, '61 Hermina Pass', 'North York', 'ON', 'Canada', 'M3H'),
    (13, '35028 Troy Center', 'Brampton', 'ON', 'Canada', 'L7A'),
    (14, '9 Utah Plaza', 'Angus', 'ON', 'Canada', 'J8Y'),
    (15, '969 Ronald Regan Pass', 'Owen Sound', 'ON', 'Canada', 'N4K'),
    (16, '37920 Independence Avenue', 'North York', 'ON', 'Canada', 'M3H'),
    (17, '29843 Del Mar Crossing', 'Oshawa', 'ON', 'Canada', 'L1K'),
    (18, '829 Springs Parkway', 'Toronto', 'ON', 'Canada', 'M7A'),
    (19, '404 Oxford Lane', 'Mississauga', 'ON', 'Canada', 'L5W'),
    (20, '03 Nancy Center', 'Toronto', 'ON', 'Canada', 'M7A'),
    (21, '7840 Dixon Plaza', 'Skatepark', 'ON', 'Canada', 'K7R'),
    (22, '58 Meadow Vale Parkway	', 'Toronto', 'ON', 'Canada', 'M7A'),
    (23, '1 Homewood Street', 'Mississauga', 'ON', 'Canada', 'L5W'),
    (24, '332 Marquette Avenue', 'Pickering', 'ON', 'Canada', 'L1X'),
    (25, '70288 Valley Edge Street', 'Renfrew', 'ON', 'Canada', 'K7V'),
    (26, '667 Meadow Ridge Court	', 'Oshawa', 'ON', 'Canada', 'L1K'),
    (27, '96 Vahlen Hill', 'Brampton', 'ON', 'Canada', 'L7A'),
    (28, '529 Little Fleur Road', 'Lambton Shores', 'ON', 'Canada', 'J5T'),
    (29, '385 Riverside Way', 'Oakville', 'ON', 'Canada', 'L6J'),
    (30, '280 Westend Circle', 'Toronto', 'ON', 'Canada', 'M7A'),
    (31, '1754 Bartillon Street', 'Brant', 'ON', 'Canada', 'N3T'),
    (32, '4 Fieldstone Lane', 'Little Current', 'ON', 'Canada', 'J6A'),
    (33, '1 Old Gate Alley', 'Prince Edward', 'ON', 'Canada', 'E9H'),
    (34, '69358 Mifflin Center', 'Kitchener', 'ON', 'Canada', 'N2R'),
    (35, '1 Del Mar Alley', 'Peterborough', 'ON', 'Canada', 'K9H'),
    (36, '6 Arapahoe Alley', 'Peterborough', 'ON', 'Canada', 'K9H'),
    (37, '514 Hooker Lane', 'London', 'ON', 'Canada', 'N6C'),
    (38, '5500 Independence Crossing', 'Amherstburg', 'ON', 'Canada', 'N9V'),
    (39, '8 Northfield Junction', 'Barrie', 'ON', 'Canada', 'L9J'),
    (40, '45799 Stephen Plaza', 'Toronto', 'ON', 'Canada', 'M7A'),
    (41, '9 Schmedeman Hill', 'St. Thomas', 'ON', 'Canada', 'N5R'),
    (42, '42 Oriole Circle', 'Collingwood', 'ON', 'Canada', 'L9Y'),
    (43, '95 Bartillon Terrace', 'Toronto', 'ON', 'Canada', 'M7A'),
    (44, '71 Eliot Plaza', 'Ajax', 'ON', 'Canada', 'L1Z'),
    (45, '40125 3rd Center', 'Keswick', 'ON', 'Canada', 'L4P'),
    (46, '7926 Maple Wood Terrace', 'Oshawa', 'ON', 'Canada', 'L1K'),
    (47, '02368 Main Lane', 'North York', 'ON', 'Canada', 'M3H'),
    (48, '384 Sauthoff Trail', 'North Perth', 'ON', 'Canada', 'E6J'),
    (49, '97407 Jackson Junction', 'Atikokan', 'ON', 'Canada', 'K1Y'),
    (50, '466 Evergreen Way', 'South River', 'ON', 'Canada', 'P3Y'),
    (51, '03796 Lakeland Hill', 'Birinci Aşıqlı', NULL, 'Azerbaijan', NULL),
    (52, '92074 Sherman Drive', 'Winter Haven', 'FL', 'United States', '33884'),
    (53, '4 8th Crossing', 'Paso de Indios', NULL, 'Argentina', '9207'),
    (54, '3 Hooker Way', 'Longmen', NULL, 'China', NULL),
    (55, '3 Muir Lane', 'Bukid', NULL, 'Philippines', '7119'),
    (56, '70629 Londonderry Alley', 'Khrebtovaya', NULL, 'Russia', '665683'),
    (57, '888 Monica Hill', 'Sidi Amar', NULL, 'Morocco', NULL),
    (58, '82 American Crossing', 'San Martín', NULL, 'Colombia', '507037'),
    (59, '1986 Kinsman Road', 'Metlika', NULL, 'Slovenia', '8330'),
    (60, '82 Dottie Avenue', 'Sezemice', NULL, 'Czech Republic', '533 04'),
    (61, '1155 Union Trail', 'El Progreso', 'OAX', 'Mexico', '68451'),
    (62, '38088 Anzinger Pass', 'Phuket', NULL, 'Thailand', '83120'),
    (63, '46209 Graedel Center', 'Velyka Lepetykha', NULL, 'Ukraine', NULL),
    (64, '4 Towne Hill', 'Nanjia', NULL, 'China', NULL),
    (65, '9936 Brickson Park Trail', 'Steinkjer', '17', 'Norway', '7729'),
    (66, '0 Anniversary Court', 'Guanay', NULL, 'Bolivia', NULL),
    (67, '7 Acker Trail', 'Baiyushan', NULL, 'China', NULL),
    (68, '08671 Troy Terrace', 'Kirove', NULL, 'Ukraine', NULL),
    (69, '24492 Park Meadow Hill', 'Jiaokui', NULL, 'China', NULL),
    (70, '3 Debra Way', 'Milán', NULL, 'Colombia', '185038'),
    (71, '4360 Garrison Parkway', 'Leribe', NULL, 'Lesotho', NULL),
    (72, '438 Sachs Center', 'Florence', 'SC', 'United States', '29505'),
    (73, '99278 Continental Pass', 'Naifaru', NULL, 'Maldives', NULL),
    (74, '56705 Forest Dale Trail', 'Isahaya', NULL, 'Japan', '859-0413'),
    (75, '79010 Mccormick Park', 'Changqiao', NULL, 'China', NULL),
    (76, '300 Donald Way', 'Longford', NULL, 'Ireland', 'N39'),
    (77, '06 Maywood Plaza', 'Sumberjo', NULL, 'Indonesia', NULL),
    (78, '285 Ludington Junction', 'Hongping', NULL, 'China', NULL),
    (79, '3 Bobwhite Pass', 'Memória', '10', 'Portugal', '2420-231'),
    (80, '492 Hermina Way', 'Mandaon', NULL, 'Philippines', '5411'),
    (81, '6 Sutteridge Junction', 'Nema', NULL, 'Russia', '613470'),
    (82, '7530 Fair Oaks Avenue', 'Awat', NULL, 'China', NULL),
    (83, '22 Pankratz Road', 'Kotkot', NULL, 'Philippines', '6612'),
    (84, '495 Miller Point', 'Phu Kradueng', NULL, 'Thailand', '42180'),
    (85, '15 Walton Place', 'Huaqiao', NULL, 'China', NULL),
    (86, '1 Tennyson Hill', 'Grabów', NULL, 'Poland', '99-150'),
    (87, '84804 Sheridan Lane', 'Huskvarna', 'F', 'Sweden', '561 85'),
    (88, '58154 Armistice Place', 'Tabunok', NULL, 'Philippines', '6008'),
    (89, '12 Messerschmidt Terrace', 'El Águila', NULL, 'Colombia', '762008'),
    (90, '3 Browning Street', 'Sanchahe', NULL, 'China', NULL),
    (91, '4 Thackeray Lane', 'Saint-Rémi', 'QC', 'Canada', 'K1G'),
    (92, '96811 Kipling Crossing', 'Douala', NULL, 'Cameroon', NULL),
    (93, '2 Schiller Crossing', 'Simeykyne', NULL, 'Ukraine', NULL),
    (94, '881 Kropf Park', 'Mapou', NULL, 'Mauritius', NULL),
    (95, '569 Briar Crest Alley', 'Santos Evos', '18', 'Portugal', '3505-318'),
    (96, '6 Fulton Court', 'Xiaoyan', NULL, 'China', NULL),
    (97, '4 Little Fleur Drive', 'Tivat', NULL, 'Montenegro', NULL),
    (98, '24 Memorial Junction', 'Adraskan', NULL, 'Afghanistan', NULL),
    (99, '3 3rd Circle', 'Rosario de Lerma', NULL, 'Argentina', '4405'),
    (100, '9 Heath Crossing', 'Jasionów', NULL, 'Poland', '36-212'),
    (101, '51465 Bay Drive', 'Sélestat', 'C1', 'France', '67604 CEDEX'),
    (102, '0209 Lakewood Plaza', 'Tawen Aobao', NULL, 'China', NULL),
    (103, '55108 Summer Ridge Trail', 'Ogden', 'UT', 'United States', '84409'),
    (104, '4955 Sloan Lane', 'Sebasang', NULL, 'Indonesia', NULL),
    (105, '7 Warbler Circle', 'Adzopé', NULL, 'Ivory Coast', NULL),
    (106, '421 Del Mar Terrace', 'Fuxin', NULL, 'China', NULL),
    (107, '8 Holy Cross Trail', 'Golden', 'BC', 'Canada', 'J9Z'),
    (108, '85623 Debra Street', 'Songkar B', NULL, 'Indonesia', NULL),
    (109, '9 Hagan Crossing', 'Dębowiec', NULL, 'Poland', '43-426'),
    (110, '50275 Browning Terrace', 'Eybens', 'B9', 'France', '38327 CEDEX'),
    (111, '7 Morning Way', 'Kulonkali', NULL, 'Indonesia', NULL),
    (112, '90 Kedzie Avenue', 'Fushui', NULL, 'China', NULL),
    (113, '3708 Autumn Leaf Center', 'Njeru', NULL, 'Uganda', NULL),
    (114, '341 Mallard Road', 'Ivanava', NULL, 'Belarus', NULL),
    (115, '5 Bluestem Court', 'Rantīs', NULL, 'Palestinian Territory', NULL),
    (116, '16577 Mayer Avenue', 'Tānsen', NULL, 'Nepal', NULL),
    (117, '4 Pepper Wood Crossing', 'Zwettl', '03', 'Austria', '3923'),
    (118, '031 Waubesa Alley', 'Kangin', NULL, 'Indonesia', NULL),
    (119, '6583 Portage Junction', 'Arnprior', 'ON', 'Canada', 'K7S'),
    (120, '55 Carioca Hill', 'Celica', NULL, 'Ecuador', NULL),
    (121, '51059 Gateway Hill', 'Monte Redondo', '11', 'Portugal', '2565-522'),
    (122, '25681 Alpine Circle', 'Dawan', NULL, 'China', NULL),
    (123, '7 Roth Pass', 'Zolochiv', NULL, 'Ukraine', NULL),
    (124, '6532 North Parkway', 'Milín', NULL, 'Czech Republic', '261 01'),
    (125, '38171 Loeprich Crossing', 'Beijós', '18', 'Portugal', '3430-505'),
    (126, '5 Cardinal Circle', 'San Pedro', NULL, 'Philippines', '4023'),
    (127, '53 Hoard Pass', 'Bashan', NULL, 'China', NULL),
    (128, '0864 Nova Road', 'Hà Tĩnh', NULL, 'Vietnam', NULL),
    (129, '176 Atwood Junction', 'Barwałd Średni', NULL, 'Poland', '34-103'),
    (130, '65245 Vernon Circle', 'Bamenda', NULL, 'Cameroon', NULL),
    (131, '4 American Ash Lane', 'Donabate', NULL, 'Ireland', 'K67'),
    (132, '1 Norway Maple Lane', 'Maji', NULL, 'China', NULL),
    (133, '1 Dakota Park', 'Qingshan', NULL, 'China', NULL),
    (134, '15140 Pond Pass', 'Krotoszyn', NULL, 'Poland', '63-702'),
    (135, '9030 Scoville Pass', 'Vyzhnytsya', NULL, 'Ukraine', NULL),
    (136, '824 Kensington Parkway', 'Skórcz', NULL, 'Poland', '83-220'),
    (137, '09 Heath Road', 'Junyang', NULL, 'China', NULL),
    (138, '7712 Mayer Place', 'Quintela', '18', 'Portugal', '3640-170'),
    (139, '3413 Lakeland Hill', 'Kosti', NULL, 'Sudan', NULL),
    (140, '94187 Holmberg Way', 'Ogawa', NULL, 'Japan', '989-2471'),
    (141, '31 Washington Junction', 'Xiejia', NULL, 'China', NULL),
    (142, '7 Heath Drive', 'Malianchuan', NULL, 'China', NULL),
    (143, '078 Forest Run Street', 'Penamacor', '05', 'Portugal', '6090-511'),
    (144, '626 Dovetail Circle', 'Sok Kwu Wan', NULL, 'Hong Kong', NULL),
    (145, '3261 Oak Pass', 'Hallstahammar', 'U', 'Sweden', '734 91'),
    (146, '35 Pearson Drive', 'San Pedro de Macorís', NULL, 'Dominican Republic', '11604'),
    (147, '2 Shopko Pass', 'Jianshan', NULL, 'China', NULL),
    (148, '5888 Arizona Center', 'Åstorp', 'M', 'Sweden', '265 40'),
    (149, '61 Morning Way', 'Ipiales', NULL, 'Colombia', '524078'),
    (150, '9918 Towne Pass', 'Karangbalong', NULL, 'Indonesia', NULL),
    (151, '55 Fremont Terrace', 'Ash Shaykh Zuwayd', NULL, 'Egypt', NULL),
    (152, '511 Aberg Park', 'San Antonio', 'PUE', 'Mexico', '72089'),
    (153, '225 Upham Avenue', 'Phayuha Khiri', NULL, 'Thailand', '60130'),
    (154, '53 Riverside Circle', 'Moss', '01', 'Norway', '1536'),
    (155, '0 Cambridge Way', 'Yimamu', NULL, 'China', NULL),
    (156, '7002 Ryan Center', 'Shiki', NULL, 'Japan', '863-2503'),
    (157, '65943 Hauk Avenue', 'Waihi', NULL, 'New Zealand', '3682'),
    (158, '013 Glacier Hill Junction', 'Ban Phaeo', NULL, 'Thailand', '74120'),
    (159, '116 Sloan Hill', 'Orekhovo-Zuyevo', NULL, 'Russia', '142609'),
    (160, '13051 Mendota Park', 'Yakymivka', NULL, 'Ukraine', NULL),
    (161, '5948 Claremont Circle', 'Vân Đình', NULL, 'Vietnam', NULL),
    (162, '0207 Hauk Court', 'Hwacheon', NULL, 'South Korea', NULL),
    (163, '96 Hoepker Parkway', 'Sindanghayu', NULL, 'Indonesia', NULL),
    (164, '5 Stoughton Place', 'São Martinho do Campo', '13', 'Portugal', '4795-446'),
    (165, '09 Vidon Crossing', 'Cambebba', NULL, 'Brazil', '11990-000'),
    (166, '87 Rowland Park', 'Malangwa', NULL, 'Nepal', NULL),
    (167, '5880 Brentwood Lane', 'Borda da Mata', NULL, 'Brazil', '37564-000'),
    (168, '779 Pond Parkway', 'Poitiers', 'B7', 'France', '86054 CEDEX 9'),
    (169, '95 Del Sol Place', 'Evijärvi', NULL, 'Finland', '62501'),
    (170, '45555 Golf Alley', 'Aachen', 'NW', 'Germany', '52080'),
    (171, '6584 Crownhardt Court', 'Nuradilovo', NULL, 'Russia', '368030'),
    (172, '21281 Grasskamp Lane', 'Weiyuankou', NULL, 'China', NULL),
    (173, '5 Katie Way', 'Hongsung', NULL, 'South Korea', NULL),
    (174, '0 Swallow Circle', 'Xinghai', NULL, 'China', NULL),
    (175, '3356 Walton Way', 'Barberton', NULL, 'South Africa', '1309'),
    (176, '611 Southridge Junction', 'Riachão do Jacuípe', NULL, 'Brazil', '44640-000'),
    (177, '3101 Bartillon Circle', 'El’brus', NULL, 'Russia', '361603'),
    (178, '54 Gale Circle', 'Chuzhou', NULL, 'China', NULL),
    (179, '551 Melvin Center', 'Dowan', NULL, 'Indonesia', NULL),
    (180, '362 Del Mar Center', 'Sarnów', NULL, 'Poland', '39-333'),
    (181, '4378 Westerfield Lane', 'Reims', 'A4', 'France', '51074 CEDEX'),
    (182, '4 Saint Paul Park', 'Nowy Staw', NULL, 'Poland', '82-230'),
    (183, '527 Harbort Avenue', 'Lacolle', 'QC', 'Canada', 'E5A'),
    (184, '0999 Sheridan Park', 'Blois', 'A3', 'France', '41015 CEDEX'),
    (185, '785 Continental Drive', 'Pule', NULL, 'Indonesia', NULL),
    (186, '614 Dorton Place', 'Arroteia', '16', 'Portugal', '4940-342'),
    (187, '258 Blue Bill Park Court', 'Dengnan', NULL, 'China', NULL),
    (188, '5 Portage Hill', 'Gustavia', NULL, 'Saint Barthelemy', NULL),
    (189, '52962 Spenser Park', 'Panunggangan', NULL, 'Indonesia', NULL),
    (190, '6 Grasskamp Pass', 'Yunji', NULL, 'China', NULL),
    (191, '5117 Sugar Terrace', 'Kotlovka', NULL, 'Russia', '142817'),
    (192, '026 Dexter Circle', 'Berlin', 'BE', 'Germany', '12683'),
    (193, '41351 Doe Crossing Parkway', 'Castelli', NULL, 'Argentina', '7114'),
    (194, '511 Raven Parkway', 'Golcowa', NULL, 'Poland', '36-231'),
    (195, '83672 Dahle Plaza', 'Dogondoutchi', NULL, 'Niger', NULL),
    (196, '5 Crowley Trail', 'Baishi', NULL, 'China', NULL),
    (197, '581 Sutherland Terrace', 'Helong', NULL, 'China', NULL),
    (198, '3748 Hintze Alley', 'Cubatão', NULL, 'Brazil', '11500-000'),
    (199, '14429 Butternut Trail', 'Jebba', NULL, 'Nigeria', NULL),
    (200, '929 Pennsylvania Avenue', 'Miura', NULL, 'Japan', '894-2414'),
    (201, '74305 Crescent Oaks Place', 'Cutral-Có', NULL, 'Argentina', '8322'),
    (202, '6796 Prairieview Place', 'Cengjia', NULL, 'China', NULL),
    (203, '47399 3rd Circle', 'Cicayur', NULL, 'Indonesia', NULL),
    (204, '2749 Sutherland Plaza', 'Hlusk', NULL, 'Belarus', NULL),
    (205, '2 Delaware Way', 'Beixin', NULL, 'China', NULL),
    (206, '35 Holy Cross Trail', 'Jāti', NULL, 'Pakistan', '73061'),
    (207, '6 Emmet Plaza', 'Longyuanba', NULL, 'China', NULL),
    (208, '6 Independence Avenue', 'Nazarje', NULL, 'Slovenia', '3331'),
    (209, '1991 Arapahoe Center', 'Hanfeng', NULL, 'China', NULL),
    (210, '75875 Reinke Alley', 'Maun', NULL, 'Botswana', NULL),
    (211, '92070 Heffernan Place', 'Suqin Huimin', NULL, 'China', NULL),
    (212, '56761 Rusk Crossing', 'Marcos Juárez', NULL, 'Argentina', '2580'),
    (213, '0074 North Plaza', 'Piribebuy', NULL, 'Paraguay', NULL),
    (214, '5818 5th Street', 'Klevan’', NULL, 'Ukraine', NULL),
    (215, '01 Lakeland Court', 'Chendian', NULL, 'China', NULL),
    (216, '11719 Milwaukee Junction', 'Jiangbei', NULL, 'China', NULL),
    (217, '46036 Bluejay Park', 'Lyubar', NULL, 'Ukraine', NULL),
    (218, '42987 Veith Plaza', 'Huanggong', NULL, 'China', NULL),
    (219, '256 6th Terrace', 'Vandœuvre-lès-Nancy', 'B2', 'France', '54516 CEDEX'),
    (220, '7676 Nevada Plaza', 'Gereykhanovskoye', NULL, 'Russia', '368792'),
    (221, '6934 Badeau Place', 'Comalapa', NULL, 'Guatemala', '04004'),
    (222, '54 Manufacturers Junction', 'Roza', NULL, 'Russia', '456659'),
    (223, '0 Hanson Avenue', 'Del Valle', 'TAM', 'Mexico', '88980'),
    (224, '509 Sundown Pass', 'Plaza Huincul', NULL, 'Argentina', '8318'),
    (225, '0355 Crescent Oaks Court', 'Capitán Bado', NULL, 'Paraguay', NULL),
    (226, '4098 Fairfield Park', 'Mataigou', NULL, 'China', NULL),
    (227, '83 Cascade Terrace', 'Myski', NULL, 'Russia', '652849'),
    (228, '9 Anniversary Avenue', 'San Pascual', NULL, 'Philippines', '5420'),
    (229, '250 Vernon Park', 'Naguanagua', NULL, 'Venezuela', NULL),
    (230, '42 1st Drive', 'Quận Mười', NULL, 'Vietnam', NULL),
    (231, '49354 Mallard Road', 'Oshawa', 'ON', 'Canada', 'L1K'),
    (232, '526 Clyde Gallagher Crossing', 'Bintulu', 'SRW', 'Malaysia', '97010'),
    (233, '2 Londonderry Park', 'Yirshi', NULL, 'China', NULL),
    (234, '68800 Jana Plaza', 'Chengxiang', NULL, 'China', NULL),
    (235, '263 Ruskin Street', 'Templeogue', NULL, 'Ireland', 'D6W'),
    (236, '235 Eggendart Alley', 'Sentul', NULL, 'Indonesia', NULL),
    (237, '6698 Colorado Circle', 'Wakema', NULL, 'Myanmar', NULL),
    (238, '18810 Hayes Hill', 'Pervomays’k', NULL, 'Ukraine', NULL),
    (239, '600 Calypso Center', 'Mouquim', '03', 'Portugal', '4770-354'),
    (240, '899 Schurz Parkway', 'Telagaselaba', NULL, 'Indonesia', NULL),
    (241, '0 Pierstorff Avenue', 'Zuyevka', NULL, 'Russia', '612412'),
    (242, '517 Anthes Park', 'Lucé', 'A3', 'France', '28114 CEDEX'),
    (243, '584 Michigan Place', 'Shazi', NULL, 'China', NULL),
    (244, '831 Del Mar Lane', 'Miami', 'FL', 'United States', '33158'),
    (245, '17469 Carioca Hill', 'Trà Ôn', NULL, 'Vietnam', NULL),
    (246, '34 3rd Alley', 'Tit Mellil', NULL, 'Morocco', NULL),
    (247, '683 Trailsway Crossing', 'Pakisaji', NULL, 'Indonesia', NULL),
    (248, '1962 Mcbride Terrace', 'Abhar', NULL, 'Iran', NULL),
    (249, '25773 Lakewood Road', 'Gaxung', NULL, 'China', NULL),
    (250, '3198 Sage Trail', 'Zakhim', NULL, 'Yemen', NULL),
    (251, '4971 Northfield Drive', 'Kholbon', NULL, 'Russia', '673377'),
    (252, '049 Alpine Terrace', 'Pandean', NULL, 'Indonesia', NULL),
    (253, '6 La Follette Park', 'Kilifarevo', NULL, 'Bulgaria', '5056'),
    (254, '2 Hoffman Street', 'Xichang', NULL, 'China', NULL),
    (255, '70 Summerview Park', 'Mingora', NULL, 'Pakistan', '19130'),
    (256, '789 Kipling Place', 'Stęszew', NULL, 'Poland', '62-060'),
    (257, '0509 Mcbride Pass', 'Qiaotou', NULL, 'China', NULL),
    (258, '022 Pierstorff Alley', 'Oenaik', NULL, 'Indonesia', NULL),
    (259, '62318 Steensland Road', 'Sintansin', NULL, 'South Korea', NULL),
    (260, '91 Loeprich Lane', 'Kingston', 'ENG', 'United Kingdom', 'DT10'),
    (261, '10823 Independence Junction', 'Walce', NULL, 'Poland', '47-344'),
    (262, '6 Moulton Way', 'Shazhouba', NULL, 'China', NULL),
    (263, '9 Montana Court', 'Meilisi', NULL, 'China', NULL),
    (264, '55 Hagan Drive', 'Cihurip Satu', NULL, 'Indonesia', NULL),
    (265, '44 Crowley Place', 'Buenavista', NULL, 'Philippines', '8601'),
    (266, '5243 Morning Hill', 'Haoping', NULL, 'China', NULL),
    (267, '8511 Charing Cross Way', 'Yayao', NULL, 'China', NULL),
    (268, '3 Rutledge Trail', 'Petaling Jaya', 'SGR', 'Malaysia', '46791'),
    (269, '62830 Dottie Crossing', 'Tcholliré', NULL, 'Cameroon', NULL),
    (270, '960 Little Fleur Road', 'Qiandian', NULL, 'China', NULL),
    (271, '09 7th Avenue', 'Jakartovice', NULL, 'Czech Republic', '747 53');

INSERT INTO branch (BranchNo, Phone, Fax, ManagerName, AddressID)
VALUES (1, '488-399-7901', '453-409-9409', 'Farley Phillpotts', 1),
    (2, '184-889-8620', '377-551-0057', 'Mela Roche', 2),
    (3, '851-693-0481', '723-457-5277', 'Connie Ragbourn', 3),
    (4, '451-103-3173', '670-880-7481', 'Dwain Haensel', 4),
    (5, '738-920-7492', '790-929-9152', 'Ileana Figurski', 5),
    (6, '288-169-8252', '648-349-7133', 'Dian Grzesiak', 6);

INSERT INTO customer (Username, SIN, FName, LName, BirthDate, Email, PasswordHash, Salt, CreationDate,
                      AddressID, HomeBranch, Phone)
VALUES ('hcapineer6', 143915024, 'Hermina', 'Capineer', '1995-03-21', 'hcapineer6@odnoklassniki.ca', 'sp2gkqmaBMCz',
        'f7kFKy4ON', '2014-12-12 14:53:33', 11, 2, '885-115-2269'),
    ('phulburt0', 152166765, 'Patin', 'Hulburt', '1987-08-02', 'phulburt0@auda.ca', 'a2shVzWp', 'k6wljRGe',
     '2019-02-01 14:53:33', 12, 5, '888-519-8358'),
    ('eledrun0', 152777030, 'Eartha', 'Ledrun', '1999-05-21', 'eledrun0@weebly.ca', '4DFjh2jNtD3m', 'BBKZ9GFqXSzT',
     '2017-10-03 14:53:33', 13, 2, '337-754-1330'),
    ('hhinstock5', 177492194, 'Horton', 'Hinstock', '1981-05-04', 'hhinstock5@yahoo.ca', 'G1f5gVJkzgh', 'AiLADZJm8',
     '2018-08-29 14:53:33', 14, 1, '288-518-9223'),
    ('gjurges6', 188287290, 'Guillermo', 'Jurges', '1955-08-28', 'gjurges6@cafepress.ca', 'yU4FiyaVF', 'kSUSmrhxfjMH',
     '2017-03-07 14:53:33', 15, 2, '585-753-3135'),
    ('jdanson0', 200394759, 'Justine', 'Danson', '1981-04-15', 'jdanson0@chicagotribune.ca', 'GVltJbu3JEDD', 'javWW7DE',
     '2017-01-28 14:53:33', 16, 2, '135-403-8466'),
    ('fgarlicke8', 200822059, 'Ford', 'Garlicke', '1986-08-25', 'fgarlicke8@earthlink.ca', 'bQu1guzzbonF', '1LEwD1C',
     '2020-12-25 14:53:33', 17, 2, '698-363-3695'),
    ('asancheza', 206414460, 'Allard', 'Sanchez', '1986-07-07', 'asancheza@imgur.ca', 'Gf8Ttl', 'PSotkBPkouGc',
     '2020-11-06 14:53:33', 18, 5, '453-448-7062'),
    ('mmichelini', 208948421, 'Michele', 'Michelin', '1969-10-06', 'mmichelini@csmonitor.ca', 'ZpS4mJLWQSJD',
     '93D1CPP9N1sz', '2018-06-13 14:53:33', 19, 6, '224-966-2919'),
    ('mcamidge9', 223791901, 'Marchelle', 'Camidge', '1986-05-10', 'mcamidge9@diigo.ca', 'nGGrLYhid', 'ELQwEGKxW',
     '2016-11-04 14:53:33', 20, 2, '705-580-6475'),
    ('tpheasey7', 230153664, 'Tasha', 'Pheasey', '1969-08-25', 'tpheasey7@redcross.ca', 'dmiT6v', 'TbbrOS',
     '2016-01-09 14:53:33', 21, 4, '395-701-0198'),
    ('calyoshin8', 279139926, 'Cleon', 'Alyoshin', '1986-04-05', 'calyoshin8@seattletimes.ca', 'sxZVJldTyOSa', 'gaJUEf',
     '2016-09-24 14:53:33', 22, 3, '736-889-6857'),
    ('triping6', 296681805, 'Tonnie', 'Riping', '1969-07-08', 'triping6@e-recht24.ca', 'jQAngjoXp0su', 'F6CQ09p551Nm',
     '2022-09-23 14:53:33', 23, 2, '460-943-0211'),
    ('kahafeez3', 307396636, 'Khalid', 'Abdel Hafeez', '1992-03-20', 'khalid.hafeez@ontariotechu.ca', '4qnNQDZTwd',
     'ru8HTiEfk', '2022-11-17 20:34:58', 227, 2, '282-357-6657'),
    ('stetfordg', 321906595, 'Sigfried', 'Tetford', '1985-11-18', 'stetfordg@tamu.ca', 'rWhmQqmWK8Hn', 'XTw7oYh3o',
     '2020-08-12 14:53:33', 24, 2, '577-409-9065'),
    ('rswinburne4', 378026611, 'Ruth', 'Swinburne', '1968-01-10', 'rswinburne4@nydailynews.ca', 'cK1uC63TrTgf',
     'J4boAd', '2022-01-13 14:53:33', 25, 3, '614-657-3828'),
    ('gcatling5', 391619594, 'Gay', 'Catling', '1979-07-24', 'gcatling5@hibu.ca', 'wX3AmkFV6KB', 'HMPIuhMsWvG',
     '2015-06-28 14:53:33', 26, 2, '730-822-5698'),
    ('adeevey3', 410999819, 'Ase', 'Deevey', '1990-11-10', 'adeevey3@telegraph.ca', '8xQFa5', 'i1Ws4Z',
     '2018-06-23 14:53:33', 27, 6, '262-554-5375'),
    ('mjuraj', 433891211, 'Maximilian', 'Jura', '1962-10-18', 'mjuraj@liveinternet.ca', 'pHJR8Wm43', 'G7rm73',
     '2013-01-26 14:53:33', 28, 1, '260-207-7350'),
    ('wrawsthorne9', 452759491, 'Winonah', 'Rawsthorne', '1988-06-07', 'wrawsthorne9@uol.ca', '3fYsYP2P9', 'N1tJlCO',
     '2017-01-20 14:53:33', 29, 5, '876-580-9656'),
    ('cpetrello8', 453276306, 'Collen', 'Petrello', '2000-12-15', 'cpetrello8@creativecommons.ca', '2tLH4W',
     'st9ysQ8OS', '2013-03-25 14:53:33', 30, 1, '356-916-3293'),
    ('tvasyukhichevh', 459007895, 'Tina', 'Vasyukhichev', '1986-08-29', 'tvasyukhichevh@ifeng.ca', 'VoGwyW',
     'VxjieK6eC', '2022-02-10 14:53:33', 31, 2, '861-612-2632'),
    ('sverny9', 494725968, 'Sharl', 'Verny', '1977-07-11', 'sverny9@yellowbook.ca', '3JT6OT6OP', '971RQ25XcI',
     '2018-01-16 14:53:33', 32, 5, '928-433-1137'),
    ('rmccool3', 516503434, 'Roseanna', 'McCool', '1974-10-05', 'rmccool3@people.ca', 'KPVqvDKla3', 'kyRoR5gP9c',
     '2021-01-09 14:53:33', 33, 1, '401-876-6820'),
    ('ncowton7', 567676051, 'Nertie', 'Cowton', '1988-05-01', 'ncowton7@51.ca', 'k8pyBjT9m', 'mvn1hEYrpVGx',
     '2018-02-24 14:53:33', 34, 1, '455-819-3961'),
    ('pdoxseyd', 588382245, 'Pauly', 'Doxsey', '1964-07-20', 'pdoxseyd@bizjournals.ca', 'IYAFzM', 'kSlMgMR',
     '2014-10-30 14:53:33', 35, 4, '505-247-6721'),
    ('ecreeche', 593505292, 'Eugine', 'Creech', '1954-10-31', 'ecreeche@php.ca', 'S5MSLW6PXSaY', 'MZEDs7MI2',
     '2016-10-28 14:53:33', 36, 4, '507-270-9645'),
    ('msleney1', 663317921, 'Milissent', 'Sleney', '1977-07-29', 'msleney1@usgs.ca', 'fnXsU6O', 'G2Ztdbqv3',
     '2016-10-19 14:53:33', 37, 5, '746-661-2542'),
    ('tgullivan3', 702831710, 'Trumann', 'Gullivan', '1970-07-20', 'tgullivan3@smugmug.ca', 'nHZl2uWwaZLo',
     'feSSMFtOa8VN', '2020-08-31 14:53:33', 38, 2, '198-868-0531'),
    ('bdeare7', 704297416, 'Bradley', 'Deare', '1967-02-19', 'bdeare7@cdc.ca', 'vsuaXmK', 'qgyn2zXbXK',
     '2020-02-05 14:53:33', 39, 6, '930-363-2142'),
    ('bandreix4', 707235490, 'Burl', 'Andreix', '1971-02-19', 'bandreix4@soup.ca', 'Mcw5gBiK', 'ilo5KlUQ1',
     '2015-08-22 14:53:33', 40, 6, '762-154-6985'),
    ('skobschc', 744871046, 'Smith', 'Kobsch', '2001-05-17', 'skobschc@dion.ca', '2oDUz6j61b', 'jMNCChqWy2Xo',
     '2015-01-15 14:53:33', 41, 6, '852-570-1262'),
    ('nchaytor4', 749533372, 'Nichols', 'Chaytor', '1990-09-03', 'nchaytor4@google.ca', '1yVi6Om', 'KFovOYUl',
     '2015-06-06 14:53:33', 42, 6, '998-807-2298'),
    ('carnolds2', 753464306, 'Chadwick', 'Arnolds', '1996-05-08', 'carnolds2@blogger.ca', 'MyLKN5hwRlkd', '3HRv3FiV4vA',
     '2019-03-03 14:53:33', 43, 5, '332-766-5862'),
    ('drobertucci1', 804430261, 'Donetta', 'Robertucci', '1956-11-26', 'drobertucci1@ucoz.ca', 'NMAROhscIbu',
     '4feEYKV5', '2016-09-20 14:53:33', 44, 5, '716-697-6114'),
    ('mbrane2', 834034806, 'Madonna', 'Brane', '1992-06-21', 'mbrane2@blogtalkradio.ca', '0CTdJKwlk1V6', '1kKWOXe',
     '2013-03-28 14:53:33', 45, 3, '118-330-6018'),
    ('bhatwells1', 856099068, 'Betti', 'Hatwells', '1988-11-08', 'bhatwells1@cargocollective.ca', 'jmgu6STLs',
     'jMjsKBMiNB', '2013-03-05 14:53:33', 46, 1, '846-530-4232'),
    ('agladdishf', 863091310, 'Audrey', 'Gladdish', '1964-01-02', 'agladdishf@usatoday.ca', 'RDdxRgGv2J2Y',
     'svZ7cjiwdH', '2013-04-20 14:53:33', 47, 6, '370-413-3425'),
    ('wchstney5', 946038344, 'Winny', 'Chstney', '2000-06-28', 'wchstney5@google.ca', 'niJVbB98kihD', 'qjxudWI2C',
     '2014-02-18 14:53:33', 48, 4, '774-388-4830'),
    ('nmaugerb', 952349811, 'Neale', 'Mauger', '1957-09-08', 'nmaugerb@altervista.ca', 'ZnfUeE9', 'rLPQBW3H4W6',
     '2017-11-27 14:53:33', 49, 1, '115-168-9402'),
    ('rhudel2', 955219119, 'Rutledge', 'Hudel', '1983-12-19', 'rhudel2@sina.ca', '4BbUM3P6c', 'SDbzqQ',
     '2014-04-19 14:53:33', 50, 3, '334-684-5543');


INSERT INTO account (AccountNo, Type, Amount, CustomerSIN)
VALUES (1, 'DEBIT', 32588157.69, 143915024),
    (4, 'DEBIT', 29509715.93, 177492194),
    (5, 'DEBIT', 1070132.56, 188287290),
    (6, 'DEBIT', 16821517.08, 200394759),
    (7, 'DEBIT', 80897190.81, 200822059),
    (9, 'DEBIT', 27415474.91, 208948421),
    (10, 'DEBIT', 75013150.06, 223791901),
    (11, 'DEBIT', 92819330.65, 744871046),
    (12, 'DEBIT', 39057208.15, 279139926),
    (13, 'DEBIT', 16828050.87, 296681805),
    (14, 'DEBIT', 66968631.98, 321906595),
    (15, 'DEBIT', 84359012.34, 378026611),
    (16, 'DEBIT', 20889170.84, 391619594),
    (17, 'DEBIT', 51368818.25, 410999819),
    (18, 'DEBIT', 94176582.79, 433891211),
    (20, 'DEBIT', 1352579.13, 453276306),
    (22, 'DEBIT', 78109777.1, 494725968),
    (23, 'DEBIT', 21248384.93, 516503434),
    (24, 'DEBIT', 71912594.42, 567676051),
    (25, 'DEBIT', 95817822.37, 588382245),
    (26, 'DEBIT', 63351333.68, 593505292),
    (27, 'DEBIT', 29303204.38, 663317921),
    (28, 'DEBIT', 56462022.9, 702831710),
    (33, 'DEBIT', 18130796.42, 753464306),
    (34, 'DEBIT', 65990057.36, 804430261),
    (35, 'DEBIT', 75557902.61, 834034806),
    (36, 'DEBIT', 79819345.03, 856099068),
    (37, 'DEBIT', 72423021.4, 863091310),
    (38, 'DEBIT', 22657075.97, 946038344),
    (39, 'DEBIT', 96016316.74, 952349811),
    (41, 'CREDIT', 13284.74, 152166765),
    (43, 'CREDIT', 17228.57, 152777030),
    (44, 'CREDIT', 16088.63, 177492194),
    (45, 'CREDIT', 28557.45, 188287290),
    (46, 'CREDIT', 4321.36, 200394759),
    (47, 'CREDIT', 25734.45, 200822059),
    (48, 'CREDIT', 25508.18, 206414460),
    (49, 'CREDIT', 20137.52, 208948421),
    (50, 'CREDIT', 23963.09, 223791901),
    (51, 'CREDIT', 29202.86, 230153664),
    (53, 'CREDIT', 13925.05, 296681805),
    (54, 'CREDIT', 11816.66, 321906595),
    (55, 'CREDIT', 17108.14, 378026611),
    (57, 'CREDIT', 19890.74, 410999819),
    (58, 'CREDIT', 17929.28, 433891211),
    (59, 'CREDIT', 29774.17, 452759491),
    (60, 'CREDIT', 4883.01, 453276306),
    (61, 'CREDIT', 24892.54, 459007895),
    (64, 'CREDIT', 19613.68, 567676051),
    (65, 'CREDIT', 23190.8, 588382245),
    (66, 'CREDIT', 26912.93, 593505292),
    (67, 'CREDIT', 4792.24, 663317921),
    (69, 'CREDIT', 3022.44, 704297416),
    (70, 'CREDIT', 535.47, 707235490),
    (73, 'CREDIT', 23410.02, 753464306),
    (74, 'CREDIT', 25243.71, 804430261),
    (76, 'CREDIT', 25788.47, 856099068),
    (77, 'CREDIT', 23011.25, 863091310),
    (78, 'CREDIT', 7490.82, 749533372),
    (80, 'CREDIT', 28220.34, 955219119),
    (81, 'DEBIT', 92564389, 307396636),
    (82, 'CREDIT', 7290, 307396636);

INSERT INTO card (CardNo, CVV, PIN, Type, ExpiryDate, AccountNo)
VALUES ('5002350105250498', 186, 5096, 'VISA', '02/12/2025', 1),
    ('5002350337664417', 128, 6354, 'MASTERCARD', '08/27/2023', 4),
    ('5002350670296348', 650, 3794, 'MASTERCARD', '03/07/2025', 5),
    ('5002350880418989', 421, 6048, 'VISA', '08/21/2023', 6),
    ('5002351040966057', 384, 6848, 'VISA', '08/11/2025', 7),
    ('5002351490305798', 378, 7548, 'VISA', '02/06/2024', 9),
    ('5002351632666198', 841, 1047, 'VISA', '07/12/2025', 10),
    ('5002351884870621', 715, 4846, 'VISA', '04/09/2025', 11),
    ('5002352631507888', 345, 6507, 'VISA', '06/07/2023', 12),
    ('5002352847409168', 895, 8818, 'MASTERCARD', '01/23/2024', 13),
    ('5002352936734229', 609, 1917, 'VISA', '08/22/2023', 14),
    ('5002352999991518', 618, 9163, 'MASTERCARD', '03/06/2024', 15),
    ('5002353398896001', 820, 9845, 'VISA', '11/08/2024', 16),
    ('5002354778972040', 774, 6666, 'MASTERCARD', '03/18/2025', 17),
    ('5002355330448247', 435, 6235, 'MASTERCARD', '03/05/2025', 18),
    ('5002356160124163', 161, 7361, 'VISA', '09/02/2023', 20),
    ('5002356716537926', 682, 3918, 'VISA', '12/18/2024', 22),
    ('5002357330058620', 494, 7338, 'VISA', '08/16/2024', 23),
    ('5002357590166360', 145, 9659, 'VISA', '09/12/2024', 24),
    ('5002357594882459', 726, 8094, 'VISA', '06/30/2023', 25),
    ('5002357863166287', 576, 9084, 'VISA', '08/22/2024', 26),
    ('5002358563549632', 945, 3203, 'MASTERCARD', '03/14/2024', 27),
    ('5002358704344117', 617, 3069, 'MASTERCARD', '11/20/2024', 28),
    ('5007660283516196', 505, 7761, 'VISA', '11/18/2024', 33),
    ('5007660788131301', 575, 4165, 'MASTERCARD', '01/14/2024', 34),
    ('5007661171501548', 141, 6738, 'MASTERCARD', '11/03/2023', 35),
    ('5007661365558726', 516, 7558, 'MASTERCARD', '07/31/2024', 36),
    ('5007661853988724', 585, 3706, 'VISA', '11/02/2023', 37),
    ('5007662415329167', 514, 8056, 'MASTERCARD', '05/27/2023', 38),
    ('5007662466586376', 488, 6736, 'VISA', '07/15/2024', 39),
    ('5007662731380472', 553, 7001, 'VISA', '09/28/2024', 41),
    ('5007663225166476', 211, 2260, 'VISA', '08/22/2023', 43),
    ('5007663874369926', 442, 6070, 'VISA', '04/23/2025', 44),
    ('5007664836068556', 450, 3619, 'VISA', '10/23/2023', 45),
    ('5007665248402036', 838, 5723, 'MASTERCARD', '06/02/2023', 46),
    ('5007665306255383', 122, 2512, 'VISA', '11/25/2023', 47),
    ('5007665511766166', 419, 8200, 'MASTERCARD', '03/26/2024', 48),
    ('5007666193500881', 124, 9376, 'VISA', '06/28/2025', 49),
    ('5007666834472714', 491, 8730, 'VISA', '02/14/2023', 50),
    ('5007667269647440', 746, 2437, 'VISA', '05/02/2025', 51),
    ('5007668533388936', 739, 5909, 'MASTERCARD', '10/14/2023', 53),
    ('5007668540355860', 859, 1978, 'VISA', '02/04/2025', 54),
    ('5007669071605251', 855, 3202, 'VISA', '05/14/2024', 55),
    ('5007669122012028', 611, 1104, 'VISA', '05/05/2023', 57),
    ('5007669527478154', 963, 3437, 'MASTERCARD', '11/13/2023', 58),
    ('5007669687145569', 974, 8527, 'VISA', '01/04/2024', 59),
    ('5010120302320398', 669, 1338, 'VISA', '06/07/2025', 60),
    ('5010120842954581', 384, 8883, 'MASTERCARD', '11/09/2024', 61),
    ('5010121489119819', 721, 6143, 'VISA', '09/05/2025', 81),
    ('5010121618948849', 453, 2762, 'VISA', '09/24/2024', 64),
    ('5010122448609197', 182, 5893, 'VISA', '02/28/2023', 65),
    ('5010122722260642', 336, 3506, 'VISA', '01/03/2023', 82),
    ('5010123066368629', 381, 3348, 'VISA', '09/04/2024', 66),
    ('5010123587353340', 631, 6784, 'VISA', '04/28/2024', 67),
    ('5010125439008386', 450, 3776, 'VISA', '06/25/2023', 69),
    ('5010125796811836', 322, 4887, 'MASTERCARD', '08/28/2023', 70),
    ('5010126658057625', 407, 2418, 'MASTERCARD', '05/10/2025', 73),
    ('5010127189758467', 737, 2924, 'MASTERCARD', '07/12/2024', 74),
    ('5010127483788749', 328, 8584, 'VISA', '05/08/2023', 76),
    ('5010127749873657', 514, 9761, 'VISA', '07/30/2024', 77),
    ('5010127944663309', 520, 2394, 'VISA', '05/01/2023', 78),
    ('5010129358872475', 454, 4851, 'VISA', '10/11/2025', 80);

INSERT INTO loan (LoanNo, CustomerSIN, Type, Amount, InterestRate, Compounded, DueDate)
VALUES (1, 143915024, 'MORTGAGE', 829780.82, 1.08, 896163.29, '2028-01-21'),
    (2, 152166765, 'LINE OF CREDIT', 632798, 1.08, 683421.84, '2028-06-30'),
    (3, 152777030, 'LINE OF CREDIT', 824627.53, 1.06, 874105.18, '2023-05-21'),
    (4, 177492194, 'LINE OF CREDIT', 499137.02, 1.07, 534076.61, '2032-03-21'),
    (5, 188287290, 'LINE OF CREDIT', 76511.46, 1.07, 81867.26, '2026-03-28'),
    (6, 200394759, 'LINE OF CREDIT', 240386.25, 1.07, 257213.29, '2022-12-05'),
    (7, 200822059, 'LINE OF CREDIT', 586904.7, 1.04, 610380.89, '2023-11-15'),
    (8, 206414460, 'LINE OF CREDIT', 5112.62, 1.06, 5419.38, '2031-08-14'),
    (9, 208948421, 'LINE OF CREDIT', 927895.99, 1.02, 946453.91, '2030-06-02'),
    (10, 223791901, 'MORTGAGE', 532421.14, 1.05, 559042.2, '2027-11-02'),
    (11, 230153664, 'LINE OF CREDIT', 493505.75, 1.03, 508310.92, '2029-07-16'),
    (12, 279139926, 'MORTGAGE', 336787.89, 1.05, 353627.28, '2025-03-03'),
    (13, 296681805, 'MORTGAGE', 350647.94, 1.01, 354154.42, '2026-10-16'),
    (14, 321906595, 'LINE OF CREDIT', 613502.6, 1.06, 650312.76, '2026-12-06'),
    (15, 378026611, 'LINE OF CREDIT', 850425.33, 1.07, 909955.1, '2024-12-20'),
    (16, 391619594, 'LINE OF CREDIT', 734587.32, 1.03, 756624.94, '2026-06-27'),
    (17, 410999819, 'LINE OF CREDIT', 986750.62, 1.01, 996618.13, '2022-12-09'),
    (18, 433891211, 'MORTGAGE', 595862.89, 1.04, 619697.41, '2031-11-05'),
    (19, 452759491, 'MORTGAGE', 952235.4, 1.06, 1009369.52, '2023-02-17'),
    (21, 459007895, 'MORTGAGE', 189583.24, 1.04, 197166.57, '2023-10-07'),
    (23, 516503434, 'MORTGAGE', 765902.9, 1.09, 834834.16, '2025-10-13'),
    (24, 567676051, 'MORTGAGE', 39751.8, 1.02, 40546.84, '2027-01-24'),
    (25, 588382245, 'LINE OF CREDIT', 226732.12, 1.06, 240336.05, '2026-08-07'),
    (27, 663317921, 'MORTGAGE', 334185.24, 1.07, 357578.21, '2023-07-06'),
    (29, 704297416, 'MORTGAGE', 821098.26, 1.02, 837520.23, '2027-06-03'),
    (31, 744871046, 'MORTGAGE', 734522, 1.02, 749212.44, '2029-06-18'),
    (33, 753464306, 'MORTGAGE', 662016.13, 1.09, 721597.58, '2024-01-26'),
    (36, 856099068, 'MORTGAGE', 481115.55, 1.09, 524415.95, '2027-04-27'),
    (37, 863091310, 'MORTGAGE', 393472.5, 1.08, 424950.3, '2024-01-20'),
    (38, 946038344, 'MORTGAGE', 810742.67, 1.06, 859387.23, '2025-07-12'),
    (39, 952349811, 'LINE OF CREDIT', 687257.82, 1.05, 721620.71, '2023-01-03'),
    (40, 955219119, 'MORTGAGE', 840088.79, 1.05, 882093.23, '2031-10-12'),
    (41, 143915024, 'MORTGAGE', 375486.12, 1.09, 409279.87, '2031-03-25'),
    (42, 152166765, 'LINE OF CREDIT', 427261.95, 1.04, 444352.43, '2031-10-16'),
    (45, 188287290, 'LINE OF CREDIT', 391082.09, 1.07, 418457.84, '2032-02-05'),
    (46, 200394759, 'LINE OF CREDIT', 675589.25, 1.01, 682345.14, '2031-09-21'),
    (47, 200822059, 'LINE OF CREDIT', 985247.85, 1.08, 1064067.68, '2028-04-12'),
    (48, 206414460, 'MORTGAGE', 848632, 1.02, 865604.64, '2026-04-05'),
    (49, 208948421, 'LINE OF CREDIT', 52693.27, 1.08, 56908.73, '2028-11-01'),
    (50, 223791901, 'MORTGAGE', 241481.72, 1.09, 263215.07, '2026-01-04'),
    (51, 230153664, 'LINE OF CREDIT', 843239, 1.04, 876968.56, '2029-01-24'),
    (52, 279139926, 'MORTGAGE', 339811.23, 1.02, 346607.45, '2032-08-16'),
    (53, 296681805, 'LINE OF CREDIT', 722865.43, 1.05, 759008.7, '2032-10-02'),
    (54, 321906595, 'LINE OF CREDIT', 90738.97, 1.03, 93461.14, '2023-03-12'),
    (55, 378026611, 'LINE OF CREDIT', 841306.13, 1.06, 891784.5, '2030-03-15'),
    (58, 433891211, 'MORTGAGE', 782364.16, 1.02, 798011.44, '2028-04-23'),
    (61, 459007895, 'MORTGAGE', 273153.38, 1.06, 289542.58, '2027-03-26'),
    (62, 494725968, 'LINE OF CREDIT', 8142.42, 1.04, 8468.12, '2029-02-10'),
    (63, 516503434, 'MORTGAGE', 847765.27, 1.08, 915586.49, '2032-07-04'),
    (64, 567676051, 'LINE OF CREDIT', 119040.48, 1.05, 124992.5, '2030-02-08'),
    (65, 588382245, 'LINE OF CREDIT', 604374.38, 1.07, 646680.59, '2023-11-23'),
    (66, 593505292, 'LINE OF CREDIT', 484421.9, 1.03, 498954.56, '2027-05-20'),
    (68, 702831710, 'LINE OF CREDIT', 210887.71, 1.01, 212996.59, '2032-01-26'),
    (70, 707235490, 'LINE OF CREDIT', 457366.46, 1.08, 493955.78, '2031-08-17'),
    (72, 749533372, 'MORTGAGE', 742706.75, 1.03, 764987.95, '2028-12-02'),
    (73, 753464306, 'MORTGAGE', 436538.76, 1.05, 458365.7, '2032-03-22'),
    (76, 856099068, 'MORTGAGE', 106924.28, 1.03, 110132.01, '2028-08-02'),
    (77, 307396636, 'LINE OF CREDIT', 811031.32, 1.08, 875913.83, '2029-11-06'),
    (78, 307396636, 'MORTGAGE', 845963.92, 1.08, 913641.03, '2024-04-12'),
    (79, 952349811, 'MORTGAGE', 232077.43, 1.08, 250643.62, '2027-01-29'),
    (80, 307396636, 'LINE OF CREDIT', 10000, 1.09, 12950.29, '2022-12-05');

INSERT INTO transaction (TransactionNo, TransactionTime, Amount, AddressID, Establishment, Category, CardNo)
VALUES (1, '2022-08-14 22:57:18', 343.54, 46, 'Cole, Thiel and Rosenbaum', 'Movies', '5002350105250498'),
    (2, '2022-09-15 22:20:53', 718.1, 47, 'Fay LLC', 'Movies', '5002350337664417'),
    (3, '2022-04-03 21:01:04', 309.9, 48, 'Lemke, Gerhold and Donnelly', 'Books', '5002350670296348'),
    (4, '2022-10-29 23:25:43', 145.19, 49, 'Zulauf-Murazik', 'Games', '5002350880418989'),
    (5, '2021-10-15 22:52:25', 546.27, 50, 'Hilll-Smitham', 'Garden', '5002351040966057'),
    (6, '2020-11-26 21:11:03', 45.75, 51, 'Sawayn-Willms', 'Beauty', '5002351490305798'),
    (7, '2021-06-22 21:51:43', 89.97, 52, 'Friesen-Bogan', 'Tools', '5002351632666198'),
    (8, '2022-03-17 22:09:48', 312.58, 53, 'Gleason-Walter', 'Shoes', '5002351884870621'),
    (9, '2021-01-31 21:47:20', 543, 54, 'Dietrich-Skiles', 'Toys', '5002352631507888'),
    (10, '2021-02-09 23:04:39', 277.25, 55, 'Bogan, Barton and Borer', 'Beauty', '5002352847409168'),
    (11, '2021-09-04 23:09:07', 507.26, 56, 'Padberg LLC', 'Industrial', '5002352936734229'),
    (12, '2022-03-29 21:17:59', 204.55, 57, 'Yost LLC', 'Movies', '5002352999991518'),
    (13, '2021-11-16 21:32:57', 250.96, 58, 'Paucek and Sons', 'Electronics', '5002353398896001'),
    (14, '2021-11-13 23:30:52', 641.15, 59, 'Greenfelder-Marquardt', 'Clothing', '5002354778972040'),
    (15, '2020-12-21 22:29:56', 202.89, 60, 'Kuhn, Ondricka and Hartmann', 'Sports', '5002355330448247'),
    (16, '2022-01-03 21:37:46', 590.97, 61, 'Larkin, Runolfsson and Shields', 'Outdoors', '5002356160124163'),
    (17, '2021-10-08 22:34:52', 96.2, 62, 'Brakus LLC', 'Games', '5002356716537926'),
    (18, '2021-11-28 23:29:20', 208.08, 63, 'Rosenbaum Inc', 'Industrial', '5002357330058620'),
    (19, '2022-10-02 21:03:38', 1.79, 64, 'Paucek-Hermiston', 'Industrial', '5002357590166360'),
    (20, '2021-06-26 22:18:26', 134.72, 65, 'Hoppe-Emmerich', 'Games', '5002357594882459'),
    (21, '2021-10-12 23:24:18', 668.23, 66, 'Schumm Group', 'Automotive', '5002357863166287'),
    (22, '2022-11-03 21:55:47', 686.99, 67, 'Von, Mosciski and Aufderhar', 'Books', '5002358563549632'),
    (23, '2022-05-06 22:54:31', 680.26, 68, 'Dibbert-Feil', 'Games', '5002358704344117'),
    (24, '2021-05-11 21:27:14', 590.32, 69, 'Tromp, Hammes and Quigley', 'Baby', '5007660283516196'),
    (25, '2021-01-30 21:06:37', 160.84, 70, 'Fay and Sons', 'Games', '5007660788131301'),
    (26, '2022-09-05 22:07:27', 533.22, 71, 'Smith, Gaylord and Schuppe', 'Outdoors', '5007661171501548'),
    (27, '2021-07-14 22:15:13', 683.57, 72, 'Huel and Sons', 'Shoes', '5007661365558726'),
    (28, '2021-06-07 21:08:45', 318.22, 73, 'Feest-Little', 'Jewelry', '5007661853988724'),
    (29, '2021-10-02 21:09:12', 290.38, 74, 'Ratke-Pagac', 'Books', '5007662415329167'),
    (30, '2022-10-24 22:56:15', 497.26, 75, 'Pfannerstill, Welch and Breitenberg', 'Baby', '5007662466586376'),
    (31, '2022-01-21 23:26:03', 115.14, 76, 'Lowe-Pfannerstill', 'Movies', '5007662731380472'),
    (32, '2022-02-12 22:22:00', 583.92, 77, 'Stoltenberg, Treutel and Prosacco', 'Kids', '5007663225166476'),
    (33, '2022-02-03 22:36:49', 324.17, 78, 'Cruickshank, Funk and Dickinson', 'Games', '5007663874369926'),
    (34, '2021-01-21 23:01:27', 619.12, 79, 'Muller-Altenwerth', 'Toys', '5007664836068556'),
    (35, '2021-08-21 23:03:02', 623.06, 80, 'Kunde, Champlin and Wyman', 'Jewelry', '5007665248402036'),
    (36, '2021-12-27 22:37:51', 507.96, 81, 'Upton-Crona', 'Automotive', '5007665306255383'),
    (37, '2021-06-05 22:45:21', 670.63, 82, 'McGlynn-Satterfield', 'Electronics', '5007665511766166'),
    (38, '2021-07-26 23:20:53', 329.27, 83, 'Borer and Sons', 'Games', '5007666193500881'),
    (39, '2021-04-12 22:21:56', 384.45, 84, 'Goyette, Rice and Streich', 'Jewelry', '5007666834472714'),
    (40, '2022-08-07 23:22:14', 184.44, 85, 'Huels, Kemmer and Jones', 'Sports', '5007667269647440'),
    (41, '2022-04-04 23:31:50', 518.86, 86, 'Dibbert-Tromp', 'Toys', '5007668533388936'),
    (42, '2021-11-11 23:04:50', 540.97, 87, 'Howell Inc', 'Beauty', '5007668540355860'),
    (43, '2021-06-05 21:25:15', 398.29, 88, 'Toy-Senger', 'Shoes', '5007669071605251'),
    (44, '2022-10-02 21:43:01', 368.54, 89, 'Rutherford, Ankunding and Franecki', 'Automotive', '5007669122012028'),
    (45, '2021-11-04 22:49:57', 647.81, 90, 'West Inc', 'Jewelry', '5007669527478154'),
    (46, '2022-08-05 21:55:14', 633.43, 91, 'Bartoletti, Friesen and Schimmel', 'Automotive', '5007669687145569'),
    (47, '2021-01-21 22:19:57', 473.71, 92, 'Emmerich-Heaney', 'Sports', '5010120302320398'),
    (48, '2021-02-22 21:42:04', 468.27, 93, 'Jacobs-Steuber', 'Home', '5010120842954581'),
    (49, '2022-08-11 22:39:37', 170.24, 94, 'Gislason-Ledner', 'Movies', '5010121618948849'),
    (50, '2021-09-01 21:34:05', 196.37, 95, 'Flatley-Heller', 'Games', '5010122448609197'),
    (51, '2022-07-25 22:44:28', 471.15, 96, 'Kilback, Barton and Russel', 'Toys', '5010123066368629'),
    (52, '2022-02-04 21:31:32', 266.62, 97, 'Rodriguez LLC', 'Music', '5010123587353340'),
    (53, '2021-02-15 21:12:17', 669.65, 98, 'Torp, Smitham and Kreiger', 'Shoes', '5010125439008386'),
    (54, '2020-11-19 23:16:16', 298.38, 99, 'Swaniawski, Thompson and Mante', 'Health', '5010125796811836'),
    (55, '2021-01-17 20:58:30', 232.97, 100, 'Satterfield-Beer', 'Automotive', '5010126658057625'),
    (56, '2022-04-18 22:38:35', 269.72, 101, 'Trantow, Ritchie and Walsh', 'Shoes', '5010127189758467'),
    (57, '2022-07-21 22:13:07', 649.66, 102, 'Mante-Moore', 'Home', '5010127483788749'),
    (58, '2022-04-01 21:21:55', 189.17, 103, 'Bartoletti-Batz', 'Toys', '5010127749873657'),
    (59, '2022-02-04 22:51:51', 496.87, 104, 'Greenfelder Group', 'Home', '5010127944663309'),
    (60, '2021-12-13 22:54:33', 416.83, 105, 'Rosenbaum and Sons', 'Beauty', '5010129358872475'),
    (61, '2022-07-19 21:23:01', 593.52, 106, 'Goodwin Group', 'Computers', '5002350105250498'),
    (62, '2021-04-04 22:33:11', 217.13, 107, 'Hackett, Erdman and Rogahn', 'Home', '5002350337664417'),
    (63, '2021-05-04 22:23:27', 55.09, 108, 'Pfeffer-Schultz', 'Industrial', '5002350670296348'),
    (64, '2022-07-05 22:40:15', 374.04, 109, 'Terry-Towne', 'Books', '5002350880418989'),
    (65, '2022-01-03 21:06:53', 204.96, 110, 'Bradtke, Ziemann and Hartmann', 'Books', '5002351040966057'),
    (66, '2021-11-30 22:21:56', 652.65, 111, 'Jacobson, Parker and Will', 'Computers', '5002351490305798'),
    (67, '2022-09-11 21:14:54', 398.38, 112, 'Murray-Pouros', 'Shoes', '5002351632666198'),
    (68, '2022-05-02 22:05:42', 33.94, 113, 'Russel LLC', 'Industrial', '5002351884870621'),
    (69, '2022-06-19 23:14:14', 474.58, 114, 'Marquardt-Keeling', 'Kids', '5002352631507888'),
    (70, '2022-03-09 23:25:40', 21.08, 115, 'Spencer-Grady', 'Baby', '5002352847409168'),
    (71, '2021-09-16 22:19:46', 181.65, 116, 'McLaughlin, Schmitt and Balistreri', 'Baby', '5002352936734229'),
    (72, '2021-03-08 21:57:47', 95.02, 117, 'Larkin Inc', 'Electronics', '5002352999991518'),
    (73, '2021-06-12 22:06:44', 680.16, 118, 'Wilkinson, Bosco and Gutkowski', 'Tools', '5002353398896001'),
    (74, '2021-03-12 22:41:23', 115.72, 119, 'Stiedemann-Johnston', 'Kids', '5002354778972040'),
    (75, '2022-01-11 21:12:18', 38.13, 120, 'Kozey-Hoppe', 'Books', '5002355330448247'),
    (76, '2022-03-06 21:07:52', 593.48, 121, 'Strosin Group', 'Shoes', '5002356160124163'),
    (77, '2021-06-20 21:58:52', 603.02, 122, 'Kuhlman-Schumm', 'Kids', '5002356716537926'),
    (78, '2022-08-27 22:07:40', 484.64, 123, 'Legros, Aufderhar and Goodwin', 'Industrial', '5002357330058620'),
    (79, '2021-08-14 22:49:05', 614.14, 124, 'Willms Inc', 'Jewelry', '5002357590166360'),
    (80, '2021-03-20 23:30:16', 116.78, 125, 'Abernathy, Gerlach and Spencer', 'Tools', '5002357594882459'),
    (81, '2020-11-23 22:00:06', 241.48, 126, 'Corwin Group', 'Grocery', '5002357863166287'),
    (82, '2022-06-11 23:22:52', 107.06, 127, 'Haley-O''Keefe', 'Electronics', '5002358563549632'),
    (83, '2022-10-05 21:26:58', 560.86, 128, 'Marks-Reynolds', 'Grocery', '5002358704344117'),
    (84, '2020-11-08 22:19:45', 233.11, 129, 'Graham-Pfannerstill', 'Grocery', '5007660283516196'),
    (85, '2021-09-29 23:05:53', 232.96, 130, 'Shanahan-Mayer', 'Computers', '5007660788131301'),
    (86, '2021-11-03 21:27:18', 465.5, 131, 'Russel, Stamm and Aufderhar', 'Electronics', '5007661171501548'),
    (87, '2021-08-22 22:12:36', 128.6, 132, 'Gerhold Inc', 'Games', '5007661365558726'),
    (88, '2020-12-17 23:33:41', 746.48, 133, 'Kub and Sons', 'Garden', '5007661853988724'),
    (89, '2021-11-11 23:00:02', 346.64, 134, 'DuBuque, Padberg and Collins', 'Grocery', '5007662415329167'),
    (90, '2021-02-19 22:24:14', 243.73, 135, 'Wisoky-Little', 'Tools', '5007662466586376'),
    (91, '2021-03-04 21:40:08', 178.73, 136, 'Goodwin Group', 'Computers', '5007662731380472'),
    (92, '2022-06-01 21:24:28', 162.47, 137, 'Leffler-Powlowski', 'Health', '5007663225166476'),
    (93, '2021-09-28 23:03:41', 276.15, 138, 'Greenholt-Bogisich', 'Outdoors', '5007663874369926'),
    (94, '2021-09-19 23:29:40', 143.37, 139, 'Friesen Group', 'Music', '5007664836068556'),
    (95, '2021-05-07 22:23:58', 638.37, 140, 'Spencer-Bayer', 'Music', '5007665248402036'),
    (96, '2022-07-08 22:41:47', 511.74, 141, 'O''Keefe and Sons', 'Garden', '5007665306255383'),
    (97, '2022-01-28 21:31:35', 643.61, 142, 'Leannon-Schulist', 'Electronics', '5007665511766166'),
    (98, '2021-03-09 21:37:30', 182.81, 143, 'Schultz, Larson and Prohaska', 'Tools', '5007666193500881'),
    (99, '2022-03-19 22:54:54', 483.22, 144, 'Bradtke Inc', 'Home', '5007666834472714'),
    (100, '2021-10-09 21:32:10', 367.69, 145, 'Will-Mohr', 'Home', '5007667269647440'),
    (101, '2022-02-18 22:37:16', 388.79, 146, 'Haag-Huel', 'Shoes', '5007668533388936'),
    (102, '2020-12-16 22:18:25', 90.87, 147, 'Powlowski-Keebler', 'Grocery', '5007668540355860'),
    (103, '2021-05-10 23:14:41', 37.99, 148, 'Wuckert, Braun and Boyle', 'Home', '5007669071605251'),
    (104, '2021-07-14 21:39:49', 667.32, 149, 'Terry-Anderson', 'Toys', '5007669122012028'),
    (105, '2021-04-23 22:04:31', 222.66, 150, 'Rohan, Fay and Wuckert', 'Sports', '5007669527478154'),
    (106, '2021-06-18 21:54:02', 611.31, 151, 'Little LLC', 'Sports', '5007669687145569'),
    (107, '2022-05-18 23:12:40', 138.57, 152, 'Sawayn-Mills', 'Games', '5010120302320398'),
    (108, '2022-05-10 21:54:33', 358.94, 153, 'Gleason-Rath', 'Health', '5010120842954581'),
    (109, '2021-09-24 21:29:08', 628.98, 154, 'Abernathy LLC', 'Jewelry', '5010121618948849'),
    (110, '2022-01-28 22:22:43', 568.1, 155, 'Osinski, Flatley and Mayert', 'Tools', '5010122448609197'),
    (111, '2022-04-03 23:42:48', 203.54, 156, 'Kuvalis-Hilll', 'Music', '5010123066368629'),
    (112, '2022-07-11 21:35:33', 63.39, 157, 'Vandervort Group', 'Electronics', '5010123587353340'),
    (113, '2022-01-28 22:03:31', 456.36, 158, 'Gorczany, Lemke and Okuneva', 'Grocery', '5010125439008386'),
    (114, '2021-02-07 22:13:41', 591.6, 159, 'Graham, Klocko and Kautzer', 'Jewelry', '5010125796811836'),
    (115, '2022-08-20 21:15:01', 88.94, 160, 'Dibbert-Torp', 'Music', '5010126658057625'),
    (116, '2022-07-08 23:22:12', 169.91, 161, 'Bernier, Rosenbaum and Smitham', 'Electronics', '5010127189758467'),
    (117, '2022-07-02 22:26:41', 582.73, 162, 'Heller, Mayert and Treutel', 'Computers', '5010127483788749'),
    (118, '2021-03-22 21:53:56', 153.89, 163, 'Schamberger-Mayert', 'Books', '5010127749873657'),
    (119, '2021-02-03 22:37:48', 521.29, 164, 'Kozey, Thiel and Strosin', 'Music', '5010127944663309'),
    (120, '2022-02-11 21:59:32', 644.79, 165, 'Shanahan, White and Lebsack', 'Kids', '5010129358872475'),
    (121, '2022-09-30 22:44:20', 160.05, 166, 'McLaughlin, Gleichner and Deckow', 'Automotive', '5002350105250498'),
    (122, '2021-07-16 23:13:21', 365.87, 167, 'Daniel Group', 'Movies', '5002350337664417'),
    (123, '2020-11-26 22:54:33', 599.22, 168, 'Simonis-Gleason', 'Electronics', '5002350670296348'),
    (124, '2021-09-07 23:43:10', 398.47, 169, 'Mertz-Little', 'Movies', '5002350880418989'),
    (125, '2022-04-04 22:29:07', 194.7, 170, 'Kshlerin-Volkman', 'Tools', '5002351040966057'),
    (126, '2022-02-05 22:18:07', 528.1, 171, 'Harber-Parisian', 'Automotive', '5002351490305798'),
    (127, '2021-12-01 21:35:32', 556.38, 172, 'Harber-Dicki', 'Kids', '5002351632666198'),
    (128, '2021-11-27 23:38:41', 447.59, 173, 'Koch-Kuhlman', 'Beauty', '5002351884870621'),
    (129, '2021-04-30 21:48:30', 568.83, 174, 'VonRueden Group', 'Toys', '5002352631507888'),
    (130, '2022-06-14 21:13:33', 1.37, 175, 'Gutmann, Hartmann and Borer', 'Games', '5002352847409168'),
    (131, '2020-12-25 21:07:31', 550.36, 176, 'Powlowski, Upton and Hackett', 'Jewelry', '5002352936734229'),
    (132, '2021-01-08 21:41:02', 497.7, 177, 'Williamson Inc', 'Kids', '5002352999991518'),
    (133, '2020-12-02 22:05:18', 87.41, 178, 'Ward, Wisoky and Schmitt', 'Games', '5002353398896001'),
    (134, '2022-09-05 21:58:06', 443.94, 179, 'Miller, Rippin and Quitzon', 'Electronics', '5002354778972040'),
    (135, '2020-12-22 21:36:06', 457.5, 180, 'Treutel Group', 'Industrial', '5002355330448247'),
    (136, '2022-10-08 21:16:29', 205.66, 181, 'Toy, Stanton and Toy', 'Automotive', '5002356160124163'),
    (137, '2022-03-17 21:08:17', 405.78, 182, 'MacGyver LLC', 'Books', '5002356716537926'),
    (138, '2021-05-25 21:29:01', 661.95, 183, 'Stokes, Tillman and Lockman', 'Sports', '5002357330058620'),
    (139, '2021-01-26 23:43:27', 592.39, 184, 'Koss, Gerhold and Bailey', 'Beauty', '5002357590166360'),
    (140, '2022-02-13 21:31:07', 226.12, 185, 'Huel-Smith', 'Clothing', '5002357594882459'),
    (141, '2021-01-11 23:20:16', 103.42, 186, 'Murphy and Sons', 'Grocery', '5002357863166287'),
    (142, '2020-11-07 22:11:46', 588.75, 187, 'Pollich, Connelly and Welch', 'Industrial', '5002358563549632'),
    (143, '2021-04-11 23:01:11', 383.5, 188, 'Oberbrunner LLC', 'Sports', '5002358704344117'),
    (144, '2020-12-19 21:09:59', 151.25, 189, 'Wintheiser Inc', 'Movies', '5007660283516196'),
    (145, '2021-03-24 22:58:57', 355.75, 190, 'Koelpin, Dickens and Gulgowski', 'Electronics', '5007660788131301'),
    (146, '2020-12-25 21:23:38', 574.99, 191, 'Mosciski Inc', 'Electronics', '5007661171501548'),
    (147, '2021-12-29 22:05:00', 307.69, 192, 'Abshire, Beatty and Haag', 'Tools', '5007661365558726'),
    (148, '2021-06-09 21:42:30', 563.49, 193, 'Wuckert LLC', 'Home', '5007661853988724'),
    (149, '2021-10-03 22:15:51', 394.38, 194, 'Rice-Schinner', 'Automotive', '5007662415329167'),
    (150, '2022-10-21 22:18:43', 281.41, 195, 'Marks, Stamm and Ankunding', 'Games', '5007662466586376'),
    (151, '2021-11-01 20:59:46', 223.94, 196, 'Gulgowski and Sons', 'Health', '5007662731380472'),
    (152, '2022-01-02 23:20:16', 275.46, 197, 'Paucek-Windler', 'Movies', '5007663225166476'),
    (153, '2021-12-05 21:20:32', 705.48, 198, 'Leannon LLC', 'Kids', '5007663874369926'),
    (154, '2020-12-21 23:27:41', 451.03, 199, 'Wehner Inc', 'Outdoors', '5007664836068556'),
    (155, '2021-06-21 23:21:10', 138.72, 200, 'Dicki Group', 'Books', '5007665248402036'),
    (156, '2021-07-31 21:39:49', 90.48, 201, 'Donnelly-Wiza', 'Electronics', '5007665306255383'),
    (157, '2021-03-03 21:06:02', 36.27, 202, 'Rogahn, Morissette and Towne', 'Tools', '5007665511766166'),
    (158, '2022-05-17 22:49:40', 659.9, 203, 'Hirthe Inc', 'Music', '5007666193500881'),
    (159, '2020-12-23 21:49:19', 190.7, 204, 'Cummerata LLC', 'Industrial', '5007666834472714'),
    (160, '2021-07-21 23:16:37', 473.78, 205, 'Wyman, Altenwerth and Shields', 'Electronics', '5007667269647440'),
    (161, '2021-01-24 21:05:15', 296.82, 206, 'Franecki Group', 'Books', '5007668533388936'),
    (162, '2022-08-23 21:56:55', 62.75, 207, 'Ritchie, Haley and Senger', 'Electronics', '5007668540355860'),
    (163, '2021-01-03 21:54:17', 173.31, 208, 'Wisozk Group', 'Computers', '5007669071605251'),
    (164, '2021-10-02 21:39:10', 678.27, 209, 'Hilll, Hudson and Schmidt', 'Automotive', '5007669122012028'),
    (165, '2022-08-12 22:48:51', 621.42, 210, 'Lind LLC', 'Grocery', '5007669527478154'),
    (166, '2022-03-21 22:09:03', 322.31, 211, 'Considine-Reichel', 'Movies', '5007669687145569'),
    (167, '2021-01-04 21:18:59', 497.28, 212, 'Ledner, Wilkinson and Zulauf', 'Clothing', '5010120302320398'),
    (168, '2021-08-17 22:32:38', 19.45, 213, 'Collier, Reilly and Schroeder', 'Toys', '5010120842954581'),
    (169, '2022-03-13 22:49:15', 105.44, 214, 'Rolfson-Heathcote', 'Beauty', '5010121618948849'),
    (170, '2021-06-26 22:35:26', 468.82, 215, 'Klein, Kohler and O''Conner', 'Kids', '5010122448609197'),
    (171, '2022-10-18 21:16:30', 527.79, 216, 'Gerhold-Conn', 'Music', '5010123066368629'),
    (172, '2022-02-16 23:21:27', 482.5, 217, 'Mitchell-McDermott', 'Baby', '5010123587353340'),
    (173, '2021-08-18 21:59:08', 79.12, 218, 'Dicki-Runolfsdottir', 'Industrial', '5010125439008386'),
    (174, '2022-03-08 21:37:09', 448.09, 219, 'Kreiger Inc', 'Shoes', '5010125796811836'),
    (175, '2021-03-15 21:26:58', 503.1, 220, 'Gerlach, Lynch and Marvin', 'Sports', '5010126658057625'),
    (176, '2021-07-16 21:31:18', 421.24, 221, 'Dare Group', 'Shoes', '5010127189758467'),
    (177, '2022-10-15 21:38:52', 596.9, 222, 'Bogan, Tillman and Schmidt', 'Shoes', '5010127483788749'),
    (178, '2021-06-29 23:23:29', 220.76, 223, 'Batz Inc', 'Outdoors', '5010127749873657'),
    (179, '2021-08-26 22:02:54', 63.12, 224, 'Leannon and Sons', 'Tools', '5010127944663309'),
    (180, '2022-05-04 22:30:24', 403.29, 225, 'Herzog-Kessler', 'Baby', '5010129358872475'),
    (181, '2021-04-20 20:05:06', 633982.75, 232, 'Lamborghini Ontario', 'Automotive', '5010121489119819'),
    (182, '2021-01-13 18:28:35', 387993.89, 233, 'Lamborghini Hamilton', 'Automotive', '5010121489119819'),
    (183, '2022-01-15 19:10:45', 22830745.81, 234, 'Lamborghini Oshawa', 'Automotive', '5010121489119819'),
    (184, '2021-07-21 19:13:41', 21.89, 235, 'PRESTO', 'Transportation', '5010121489119819'),
    (185, '2021-03-13 19:23:20', 65832886.75, 236, 'Bugatti Toronto', 'Automotive', '5010121489119819'),
    (186, '2022-11-04 19:13:25', 5626.65, 237, 'Heathcote, Casper and Blick', 'Tools', '5010121489119819'),
    (187, '2021-04-24 20:11:48', 4517.64, 238, 'Morissette, Kuphal and Zulauf', 'Jewelry', '5010121489119819'),
    (188, '2021-05-29 20:43:36', 1901.31, 239, 'Carter, Johnson and Fahey', 'Tools', '5010121489119819'),
    (189, '2021-01-09 19:15:28', 3939.23, 240, 'Torphy-Padberg', 'Movies', '5010121489119819'),
    (190, '2022-11-19 19:54:46', 9163.21, 241, 'Wisoky, Von and Block', 'Garden', '5010121489119819'),
    (191, '2021-08-30 20:34:43', 248.02, 242, 'Steuber Inc', 'Baby', '5010121489119819'),
    (192, '2021-09-22 19:00:11', 207.13, 243, 'Hamill Inc', 'Movies', '5010121489119819'),
    (193, '2022-11-14 19:11:00', 189.25, 244, 'Hintz-Schoen', 'Automotive', '5010121489119819'),
    (194, '2022-01-30 20:07:20', 732.49, 245, 'Gusikowski Group', 'Electronics', '5010121489119819'),
    (195, '2022-10-28 19:40:19', 1599.14, 246, 'Hamill, Wisozk and Parker', 'Automotive', '5010121489119819'),
    (196, '2020-12-24 19:20:07', 2694.54, 247, 'Farrell, Wuckert and Wiegand', 'Games', '5010121489119819'),
    (197, '2021-04-19 19:46:03', 9094.02, 248, 'Lueilwitz and Sons', 'Sports', '5010121489119819'),
    (198, '2022-11-26 19:53:50', 8007.07, 249, 'Stanton-Hyatt', 'Grocery', '5010121489119819'),
    (199, '2022-07-21 18:28:27', 3883.18, 250, 'Nitzsche, Homenick and Stracke', 'Games', '5010121489119819'),
    (200, '2021-06-23 18:02:45', 3878.18, 251, 'Zemlak, Hackett and Mann', 'Outdoors', '5010121489119819'),
    (201, '2021-03-01 19:56:14', 8879.28, 252, 'Flatley, Larkin and Lesch', 'Clothing', '5010122722260642'),
    (202, '2020-11-29 18:03:50', 822.43, 253, 'Abbott-Zulauf', 'Baby', '5010122722260642'),
    (203, '2020-12-04 18:13:28', 2480.05, 254, 'Dare, Brekke and Mraz', 'Computers', '5010122722260642'),
    (204, '2021-06-18 18:41:29', 8871.22, 255, 'Upton, Larkin and Lehner', 'Outdoors', '5010122722260642'),
    (205, '2021-07-14 20:33:32', 9359.2, 256, 'Becker, Paucek and Cormier', 'Games', '5010122722260642'),
    (206, '2022-01-17 18:30:39', 2022.5, 257, 'Hilpert-Stoltenberg', 'Jewelry', '5010122722260642'),
    (207, '2021-02-19 18:20:38', 8814.18, 258, 'Beier Inc', 'Music', '5010122722260642'),
    (208, '2021-04-06 19:42:55', 7118.17, 259, 'Abshire Group', 'Electronics', '5010122722260642'),
    (209, '2021-10-27 19:29:46', 1503.75, 260, 'Mante, Monahan and Kub', 'Kids', '5010122722260642'),
    (210, '2021-05-08 19:39:25', 4375.92, 261, 'Stehr-Donnelly', 'Baby', '5010122722260642'),
    (211, '2021-05-06 19:07:34', 8880.66, 262, 'Larkin, Hudson and Barton', 'Beauty', '5010122722260642'),
    (212, '2021-06-15 18:42:27', 9810.19, 263, 'Schuster, Frami and Pagac', 'Outdoors', '5010122722260642'),
    (213, '2021-08-13 18:18:31', 9530.06, 264, 'Homenick, Stiedemann and Langworth', 'Computers', '5010122722260642'),
    (214, '2021-09-11 20:03:17', 4533.89, 265, 'McKenzie-Ledner', 'Music', '5010122722260642'),
    (215, '2021-09-29 20:42:20', 1187.68, 266, 'Abbott LLC', 'Home', '5010122722260642'),
    (216, '2021-12-10 20:08:07', 4027.22, 267, 'Mayert Inc', 'Grocery', '5010122722260642'),
    (217, '2021-04-17 20:06:35', 9976.61, 268, 'Feest, Cummerata and Mohr', 'Shoes', '5010122722260642'),
    (218, '2021-02-24 19:12:09', 7206.35, 269, 'Rowe, Robel and Fay', 'Sports', '5010122722260642'),
    (219, '2022-11-23 18:51:42', 3080.19, 270, 'Beier-D''Amore', 'Kids', '5010122722260642'),
    (220, '2022-11-09 20:33:05', 3103.39, 271, 'Beier Inc', 'Tools', '5010122722260642');